outcome,pleiotropy,IV_strength,effect,overlap,r2,number_of_SNPs,xQTL_from_one_sample,Multivariable,Multivariable_tdist,MultivariableLD,MultivariableLD_tdist,IVW_Cauchy_cauchy,IVW_tdist_Cauchy_cauchy,IVW_HMP,IVW_tdist_HMP,IVW_Modality1,IVW_tdist_Modality1,IVW_Modality2,IVW_tdist_Modality2,IVW_Modality3,IVW_tdist_Modality3,IVW_MinP,IVW_tdist_MinP,IVW_Fisher_chisq,IVW_tdist_Fisher_chisq,WGLR_Cauchy_cauchy,WGLR_tdist_Cauchy_cauchy,WGLR_HMP,WGLR_tdist_HMP,WGLR_Modality1,WGLR_tdist_Modality1,WGLR_Modality2,WGLR_tdist_Modality2,WGLR_Modality3,WGLR_tdist_Modality3,WGLR_MinP,WGLR_tdist_MinP,WGLR_Fisher_chisq,WGLR_tdist_Fisher_chisq,WGLR_Fisher_gamma,WGLR_tdist_Fisher_gamma,GSMR_Cauchy_cauchy,GSMR_HMP,GSMR_Modality1,GSMR_Modality2,GSMR_Modality3,GSMR_MinP,GSMR_Fisher_chisq,SMR_allSNPs_Cauchy_cauchy,SMR_allSNPs_HMP,SMR_allSNPs_MinP,SMR_allSNPs_Fisher_chisq,SMR_singleSNP_Cauchy_cauchy,SMR_singleSNP_HMP,SMR_Modality1,SMR_Modality2,SMR_Modality3,SMR_singleSNP_Fisher_chisq,Multivariable_beta1_mean,Multivariable_beta2_mean,Multivariable_beta3_mean,MultivariableLD_beta1_mean,MultivariableLD_beta2_mean,MultivariableLD_beta3_mean,IVW_beta1_mean,IVW_beta2_mean,IVW_beta3_mean,WGLR_beta1_mean,WGLR_beta2_mean,WGLR_beta3_mean,OLS_beta1_mean,OLS_beta2_mean,OLS_beta3_mean,F_1_mean,R2_1_mean,F_2_mean,R2_2_mean,F_3_mean,R2_3_mean,Multivariable_beta1_sd,Multivariable_beta2_sd,Multivariable_beta3_sd,MultivariableLD_beta1_sd,MultivariableLD_beta2_sd,MultivariableLD_beta3_sd,IVW_beta1_sd,IVW_beta2_sd,IVW_beta3_sd,WGLR_beta1_sd,WGLR_beta2_sd,WGLR_beta3_sd,OLS_beta1_sd,OLS_beta2_sd,OLS_beta3_sd,F_1_sd,R2_1_sd,F_2_sd,R2_2_sd,F_3_sd,R2_3_sd
binary_use_all_in_xQTL,horizontal,0.5,0,0,0.2,5,TRUE,0.1365,1.00E-04,0.0275,0,0.2493,0.0888,0.2325,0.071,0.2607,0.111,0.1884,0.07,0.2292,0.0889,0.2919,0.1262,0.3473,0.2197,0.0449,0.0025,0.0395,0.0011,0.0488,0.0062,0.0413,0.0031,0.0429,0.0044,0.0979,0.0106,0.0768,0.019,0.0439,0.0036,0.0163,0.0132,0.0345,0.0172,0.0172,0.0531,0.0343,8.00E-04,6.00E-04,0.0627,0.0418,0.0026,0.0018,0.0137,0.0015,0.0029,0.0184,0.015707864,0.021152645,-0.015220592,0.016033549,0.021219073,-0.014838443,0.003991355,0.000121029,0.008281221,0.004838644,-0.001676079,0.00465405,0.1029663,-0.105732341,-0.104943723,4.455799732,0.04279052,1.681068897,0.016631533,2.357858777,0.023142983,1.067601132,1.539096907,1.052645027,1.067215122,1.538084475,1.051689451,0.37605025,0.817270523,0.634118208,0.337266949,0.638404574,0.500292305,0.01332507,0.013399186,0.013436079,2.023098394,0.018510708,1.011907266,0.009800089,1.326249164,0.012644095
binary_use_all_in_xQTL,vertical,0.5,0,0,0.2,5,TRUE,0.1382,1.00E-04,0.0279,0,0.2701,0.1148,0.2514,0.0927,0.2666,0.1137,0.2714,0.1153,0.2714,0.1159,0.2841,0.1227,0.385,0.2706,0.0566,0.0057,0.0474,0.0031,0.0532,0.0059,0.0554,0.0066,0.0558,0.0063,0.0716,0.0095,0.1252,0.0539,0.0554,0.0063,0.0425,0.0328,0.0364,0.0443,0.0443,0.0558,0.1155,0.0104,0.0057,0.0873,0.1202,0.0177,0.013,0.0141,0.019,0.02,0.0797,0.062384096,-0.052737087,-0.018850525,0.064494447,-0.05366856,-0.019553457,-0.004282098,-0.002550326,0.002908966,-0.000986361,-0.001338339,0.00158627,-0.092573608,-0.031015478,5.06E-05,4.477731745,0.042999929,5.689509921,0.053960994,5.713901354,0.054169689,3.157107549,2.703293781,1.550712884,3.151349232,2.699809929,1.54940187,0.379713781,0.188278377,0.190892505,0.340370539,0.173328803,0.174028154,0.013867333,0.008670984,0.009011209,2.006238542,0.018350344,2.394231291,0.021378714,2.42523536,0.021626993
binary_use_all_in_xQTL,horizontal,1,0,0,0.2,5,TRUE,0.1368,1.00E-04,0.028,0,0.2631,0.1087,0.2456,0.087,0.2684,0.118,0.2413,0.0976,0.2606,0.1097,0.291,0.1278,0.3753,0.2551,0.0519,0.0043,0.0445,0.0023,0.0523,0.0079,0.0458,0.0048,0.0484,0.0052,0.09,0.0122,0.1059,0.0338,0.05,0.0067,0.04,0.0333,0.0518,0.0389,0.0389,0.0761,0.0962,0.0152,0.0105,0.1272,0.1155,0.0221,0.0172,0.0346,0.0118,0.0147,0.0823,0.024523712,0.027151015,-0.018439834,0.024522007,0.027225198,-0.018351448,0.002171689,-0.007734694,0.003714867,0.0025058,-0.004904665,0.003255276,0.093786346,-0.103673608,-0.100923827,14.73893924,0.128085023,3.698684207,0.035741723,6.411818634,0.060243749,0.964760433,1.318226261,0.964683348,0.964843633,1.318242787,0.964627986,0.178296825,0.470510287,0.309776972,0.172441604,0.391862415,0.278422933,0.013177538,0.013343257,0.013361247,5.113176004,0.038472642,1.949691967,0.018064552,2.895484381,0.025393941
binary_use_all_in_xQTL,vertical,1,0,0,0.2,5,TRUE,0.1398,1.00E-04,0.0297,0,0.2773,0.1196,0.2597,0.0966,0.2763,0.1196,0.2776,0.1197,0.2794,0.1194,0.2836,0.1227,0.3918,0.2783,0.0601,0.0075,0.0513,0.0042,0.0602,0.0072,0.0605,0.0077,0.0603,0.0076,0.0682,0.0091,0.1305,0.0599,0.06,0.0076,0.061,0.0503,0.0612,0.063,0.063,0.0704,0.1439,0.0375,0.0291,0.148,0.1649,0.0398,0.0317,0.037,0.0409,0.0409,0.1141,0.075659729,-0.055475952,-0.016940774,0.076370818,-0.055986386,-0.017234616,-0.002219635,-0.001163657,0.001157362,-0.00147218,-0.000878485,0.000933888,-0.084225521,-0.027399544,6.27E-05,14.88599801,0.12924712,19.77275478,0.164340741,19.89828846,0.16517423,3.201626826,2.775013933,1.589885499,3.2013131,2.775224071,1.590006724,0.180172825,0.089794963,0.089853982,0.173945322,0.087360781,0.087563271,0.013564968,0.008240229,0.008461001,5.061754668,0.038089414,6.446281192,0.044561975,6.526485173,0.044939397
binary_use_all_in_xQTL,horizontal,2,0,0,0.2,5,TRUE,0.1374,1.00E-04,0.0272,0,0.2664,0.1141,0.2497,0.0918,0.2683,0.1188,0.2585,0.1101,0.2682,0.1147,0.2891,0.1273,0.382,0.2652,0.0541,0.0057,0.0453,0.0035,0.053,0.0083,0.0485,0.0056,0.0515,0.0069,0.0826,0.0123,0.117,0.0428,0.0518,0.0079,0.0545,0.0463,0.0583,0.0547,0.0547,0.0857,0.1257,0.0356,0.0279,0.153,0.1563,0.0372,0.0296,0.0432,0.0325,0.0345,0.1142,0.001335353,0.00231974,-0.001412512,0.001421391,0.002377354,-0.001414353,0.001160171,-0.00400198,0.001950565,0.001273309,-0.003723274,0.001590723,0.069481551,-0.096286101,-0.087722051,55.82034914,0.353790275,11.75327432,0.104269954,22.64077294,0.182447235,0.786029734,0.929557297,0.83272834,0.785259748,0.929068725,0.83135013,0.0879468,0.230110751,0.148971031,0.08645877,0.205676693,0.14121362,0.013035119,0.013464475,0.013588751,16.63896404,0.067881495,5.356733387,0.042263049,8.615711519,0.056463751
binary_use_all_in_xQTL,vertical,2,0,0,0.2,5,TRUE,0.1413,1.00E-04,0.0311,0,0.2799,0.1214,0.2605,0.0975,0.278,0.1205,0.2798,0.1213,0.2804,0.1212,0.2819,0.1225,0.393,0.281,0.0598,0.008,0.0511,0.005,0.0603,0.0083,0.0596,0.0079,0.0598,0.0076,0.0638,0.0087,0.1332,0.0603,0.0596,0.0081,0.0668,0.0572,0.0663,0.067,0.067,0.0709,0.1487,0.0492,0.0402,0.1641,0.1764,0.0483,0.0382,0.0476,0.0484,0.0484,0.1208,0.11816627,-0.08548304,-0.0262011,0.118526558,-0.085754547,-0.026339033,-0.001105721,-0.000567144,0.00056674,-0.00090832,-0.00048975,0.000504384,-0.062179909,-0.018807399,6.80E-05,56.55000446,0.356900403,76.13795738,0.426415259,76.66912863,0.428032685,5.227019739,4.412881151,2.111444132,5.225714766,4.412082034,2.111231688,0.088920744,0.044437881,0.044445721,0.087435223,0.043779895,0.043816899,0.012981887,0.00712324,0.006989808,16.57731983,0.067392276,22.00029857,0.071108759,22.23962611,0.071330961
binary_use_all_in_xQTL,horizontal,0.5,0.1,0,0.2,5,TRUE,0.1587,2.00E-04,0.034,0,0.2732,0.1098,0.2565,0.0888,0.2837,0.1298,0.2049,0.0826,0.2501,0.1038,0.3167,0.1452,0.3727,0.2453,0.0563,0.003,0.0515,0.0018,0.0627,0.0092,0.042,0.0053,0.0515,0.0075,0.1126,0.017,0.0912,0.0244,0.0548,0.005,0.0198,0.0164,0.0437,0.0209,0.0209,0.0635,0.0466,0.002,0.0012,0.0824,0.0542,0.0051,0.003,0.0187,0.0027,0.0026,0.0239,0.073588783,0.021747606,0.075199549,0.072423731,0.022846479,0.073340756,0.112182959,-0.182785721,0.181815567,0.096976959,-0.100698709,0.128744774,0.105482135,-0.087565027,-0.086033403,4.536600705,0.043527979,1.712766783,0.016938333,2.352343794,0.023090806,1.138607405,1.727484992,1.102474114,1.13787389,1.727869134,1.101451489,0.370056303,0.831730245,0.646068788,0.331598595,0.638578728,0.512166158,0.013166362,0.014162684,0.014128535,2.056058925,0.018768022,1.029177657,0.009959689,1.321833618,0.01260334
binary_use_all_in_xQTL,vertical,0.5,0.1,0,0.2,5,TRUE,0.1803,0,0.0394,0,0.3209,0.154,0.3019,0.1285,0.3166,0.1525,0.3204,0.1549,0.3217,0.1553,0.3329,0.163,0.4399,0.3209,0.0801,0.0114,0.0691,0.0068,0.0757,0.0107,0.0785,0.0125,0.0782,0.0129,0.098,0.0164,0.1606,0.0762,0.0788,0.0123,0.0618,0.0498,0.0547,0.0634,0.0634,0.0788,0.1499,0.0188,0.012,0.1132,0.1587,0.0251,0.018,0.0206,0.0283,0.0286,0.1013,-0.008079139,-0.018412288,0.053860938,-0.006822855,-0.017842463,0.050975858,-0.163924501,-0.082707755,0.082951277,-0.137434736,-0.072576703,0.073374835,-0.110718224,-0.046649368,0.019421906,4.486184218,0.043079008,5.664015715,0.05373653,5.68058593,0.053871817,3.288059302,2.906618796,1.700310517,3.280154228,2.899497907,1.6970279,0.380144048,0.188620553,0.190563228,0.341353497,0.172877922,0.174990391,0.013035467,0.008214927,0.008872265,2.003785032,0.018333206,2.377113232,0.02125019,2.414975289,0.021557423
binary_use_all_in_xQTL,horizontal,1,0.1,0,0.2,5,TRUE,0.2197,5.00E-04,0.0559,0,0.3585,0.1844,0.3378,0.1554,0.3624,0.1945,0.3265,0.1609,0.3551,0.1862,0.3869,0.2083,0.464,0.3484,0.1033,0.0132,0.0908,0.0083,0.1031,0.0219,0.0727,0.0122,0.1001,0.018,0.1558,0.033,0.175,0.0724,0.102,0.0184,0.0873,0.0766,0.1071,0.0828,0.0828,0.1385,0.1655,0.0404,0.0314,0.2051,0.1931,0.0389,0.032,0.0579,0.0236,0.0284,0.1141,0.084762923,0.039016149,0.06825168,0.084356026,0.039415291,0.067789589,0.109068147,-0.268546976,0.190446039,0.10469248,-0.18154551,0.168599317,0.09813784,-0.086531557,-0.080870466,15.16505826,0.131257482,3.836708072,0.037016715,6.424389966,0.060351937,0.950764416,1.351562711,0.989571655,0.950764711,1.351404492,0.989344046,0.176144543,0.482691113,0.317160536,0.169933657,0.392822793,0.284962109,0.012908312,0.014059266,0.014107346,5.261623534,0.039295358,2.014177708,0.018594485,2.90468131,0.025462321
binary_use_all_in_xQTL,vertical,1,0.1,0,0.2,5,TRUE,0.2974,2.00E-04,0.0783,0,0.4582,0.2699,0.4396,0.2381,0.4586,0.2693,0.4578,0.2702,0.4573,0.2704,0.4638,0.2749,0.565,0.4598,0.163,0.0362,0.1442,0.0242,0.1588,0.0351,0.1602,0.0368,0.16,0.0364,0.1772,0.0413,0.2782,0.1611,0.1616,0.0362,0.1697,0.1521,0.165,0.171,0.171,0.1852,0.298,0.1152,0.0923,0.2846,0.3297,0.0983,0.0808,0.0934,0.1001,0.0997,0.2113,-0.022468777,-0.031349657,0.03451978,-0.022084344,-0.03114333,0.033481905,-0.158274489,-0.079373183,0.079757392,-0.150591935,-0.076335859,0.076781051,-0.104451382,-0.043648369,0.019567956,14.81567916,0.128717639,19.5279892,0.162666077,19.61073718,0.163207565,3.312176295,2.804551488,1.606278845,3.311352558,2.804078925,1.60613562,0.181029851,0.090494076,0.090919132,0.17460754,0.087951138,0.088477606,0.012600659,0.00777327,0.008314995,5.043107289,0.038013987,6.359059289,0.044160055,6.428337018,0.044498042
binary_use_all_in_xQTL,horizontal,2,0.1,0,0.2,5,TRUE,0.4256,0.0024,0.1424,0,0.5816,0.3877,0.5625,0.3484,0.582,0.3952,0.5601,0.3608,0.584,0.3978,0.5989,0.411,0.6702,0.5788,0.2616,0.0631,0.2401,0.043,0.2567,0.08,0.1751,0.0428,0.2638,0.0793,0.3238,0.108,0.3809,0.2252,0.2548,0.0745,0.2746,0.2507,0.2858,0.2826,0.2826,0.3375,0.4048,0.2061,0.1757,0.4289,0.4554,0.1297,0.1144,0.1396,0.1184,0.1235,0.2511,0.093435163,0.072941887,0.074335083,0.093197977,0.073203892,0.074098665,0.107624652,-0.275180754,0.18630622,0.105798581,-0.216668963,0.179196749,0.078743487,-0.083168156,-0.063848277,58.19432778,0.363157629,12.35294766,0.108997276,23.03399167,0.184944916,0.760297644,0.907872513,0.801180862,0.760194813,0.907815265,0.800986105,0.08750879,0.252270017,0.154045485,0.085854881,0.220151645,0.145937094,0.012196141,0.0138445,0.014607509,17.34516733,0.068856205,5.522606064,0.043120228,8.797940177,0.057266009
binary_use_all_in_xQTL,vertical,2,0.1,0,0.2,5,TRUE,0.6235,0.008,0.2706,0,0.7588,0.6032,0.7463,0.5673,0.7582,0.6025,0.7582,0.6028,0.7585,0.6027,0.76,0.6048,0.8252,0.7595,0.4548,0.1894,0.4273,0.1466,0.4534,0.1887,0.4543,0.1901,0.4525,0.1885,0.4691,0.1997,0.6057,0.4557,0.4539,0.19,0.4935,0.4645,0.4927,0.4922,0.4922,0.5061,0.6385,0.4168,0.3778,0.6116,0.6677,0.3077,0.2781,0.3061,0.3081,0.3082,0.4646,-0.017837822,-0.008800988,0.06089929,-0.017279201,-0.008758701,0.060573114,-0.156669465,-0.078706628,0.079115812,-0.153533961,-0.07734324,0.077769576,-0.087576262,-0.036282807,0.019630652,55.35678119,0.352188652,73.95327564,0.41958078,74.36614285,0.420909084,3.27438188,2.821395044,1.61944275,3.273174919,2.820369549,1.618853416,0.089945587,0.045084488,0.045292797,0.088335771,0.044367815,0.04457318,0.011558764,0.006628841,0.006889461,16.13603839,0.06663612,21.21366888,0.070229367,21.34883203,0.070267421
binary_use_all_in_xQTL,horizontal,0.5,0,0.5,0.2,5,TRUE,0.1351,1.00E-04,0.0303,0,0.2484,0.088,0.2339,0.0705,0.2596,0.1071,0.1868,0.0698,0.2295,0.0862,0.2946,0.1244,0.3446,0.2192,0.0479,0.0022,0.0428,0.0014,0.049,0.0078,0.0424,0.0046,0.0429,0.0048,0.0992,0.0139,0.0816,0.0192,0.0459,0.0037,0.0167,0.0141,0.0348,0.017,0.017,0.0539,0.036,0.0016,9.00E-04,0.0608,0.0412,0.0035,0.0026,0.0127,0.0021,0.0031,0.0189,0.077039304,-0.070598909,-0.158844045,0.078627176,-0.071341363,-0.157046053,0.001121604,-0.064246594,-0.010656597,0.031267414,-0.116448379,-0.064710391,0.102847196,-0.105666642,-0.10499072,4.459046047,0.042822782,1.681155778,0.016632292,2.343454191,0.023008075,1.012505085,1.505568652,1.022794742,1.011527924,1.505048834,1.023777324,0.377271536,0.792965227,0.618754984,0.334807165,0.607182491,0.489963505,0.013145405,0.013466005,0.013305355,2.017465138,0.018451472,1.012877147,0.009799943,1.309259839,0.01248254
binary_use_all_in_xQTL,vertical,0.5,0,0.5,0.2,5,TRUE,0.1396,1.00E-04,0.0304,0,0.2709,0.1148,0.2516,0.0909,0.2649,0.1127,0.2703,0.115,0.2704,0.1169,0.2819,0.1236,0.3881,0.2714,0.059,0.0056,0.0481,0.0032,0.0553,0.0055,0.0574,0.0061,0.0576,0.0067,0.0746,0.0092,0.1236,0.0565,0.0587,0.0063,0.0408,0.0324,0.037,0.0434,0.0434,0.0569,0.1184,0.0101,0.006,0.0851,0.1193,0.0172,0.0132,0.0131,0.0184,0.0195,0.0789,-0.235993328,-0.026861473,-0.140591285,-0.236430102,-0.026599601,-0.138877639,-0.000781926,-0.001132405,0.002626929,-0.024220962,-0.006796447,0.00165136,-0.092545736,-0.030964906,5.11E-05,4.451794112,0.042756302,5.664331305,0.053729199,5.700860654,0.054055313,3.315578214,2.984702117,1.785144755,3.311658205,2.981663456,1.782636206,0.383972916,0.188161676,0.188198209,0.340846342,0.172771767,0.173484328,0.013923495,0.008654788,0.008996358,2.016245343,0.01842467,2.404674433,0.021449859,2.416593472,0.021546104
binary_use_all_in_xQTL,horizontal,1,0,0.5,0.2,5,TRUE,0.1381,1.00E-04,0.0308,0,0.2643,0.1088,0.2468,0.0866,0.2672,0.1176,0.2394,0.0963,0.261,0.1093,0.2921,0.1284,0.3748,0.2572,0.0516,0.0041,0.045,0.0025,0.0515,0.0082,0.047,0.0059,0.0501,0.0059,0.0914,0.0142,0.1027,0.0335,0.0511,0.0067,0.0426,0.0352,0.0535,0.038,0.038,0.0756,0.0947,0.0156,0.0112,0.1275,0.1147,0.0216,0.017,0.0348,0.0124,0.0149,0.0824,0.087973752,-0.006149278,-0.133511085,0.08855722,-0.006479996,-0.132914435,0.001132191,-0.00922908,0.005400794,0.008889188,-0.044422149,-0.015930387,0.093679264,-0.10361994,-0.100970043,14.75580841,0.12821034,3.701403524,0.035767452,6.392139487,0.060072686,0.89849286,1.244038436,0.931307106,0.898484562,1.243869934,0.930983631,0.178279965,0.468157977,0.311798159,0.171909169,0.381629693,0.277744495,0.012975079,0.01340003,0.013256427,5.117563537,0.038530513,1.950891078,0.018046974,2.884891117,0.02531349
binary_use_all_in_xQTL,vertical,1,0,0.5,0.2,5,TRUE,0.143,1.00E-04,0.0313,0,0.2773,0.1204,0.2581,0.0959,0.2767,0.1191,0.2775,0.1206,0.2775,0.1196,0.2827,0.1238,0.3925,0.2789,0.059,0.0073,0.0509,0.0043,0.058,0.0074,0.0593,0.0069,0.0588,0.0075,0.0668,0.0092,0.1309,0.0588,0.0593,0.0074,0.0613,0.0512,0.0603,0.0625,0.0625,0.0697,0.1445,0.0373,0.0283,0.1483,0.1651,0.04,0.031,0.0378,0.0417,0.0415,0.1134,-0.205365596,-0.030887388,-0.132389427,-0.205970462,-0.03064861,-0.13202505,-0.00091974,-0.000808249,0.001199057,-0.006913302,-0.002232653,0.0009841,-0.084214477,-0.027360941,5.73E-05,14.83526544,0.128836246,19.70833455,0.163857592,19.86245582,0.164905582,3.344504914,2.867449536,1.619918266,3.344781863,2.86746242,1.619629876,0.180552879,0.090034025,0.089976954,0.174294501,0.087626095,0.087729081,0.01370594,0.008280777,0.00849746,5.097024149,0.03831997,6.486610507,0.044810791,6.545913448,0.045100473
binary_use_all_in_xQTL,horizontal,2,0,0.5,0.2,5,TRUE,0.1379,1.00E-04,0.0283,0,0.2679,0.1143,0.2504,0.0912,0.2687,0.1181,0.2571,0.1103,0.2673,0.1158,0.2884,0.1281,0.383,0.266,0.0525,0.006,0.0454,0.0036,0.0532,0.0086,0.0502,0.0065,0.0527,0.0068,0.0847,0.0131,0.1149,0.0434,0.0531,0.0079,0.0559,0.0462,0.0596,0.0549,0.0549,0.0849,0.1245,0.0355,0.0276,0.1534,0.1556,0.037,0.0296,0.0434,0.0331,0.0339,0.1149,0.067781405,0.034870089,-0.08533913,0.067977705,0.034721626,-0.085124243,0.000895273,-0.002338371,0.00256891,0.002854627,-0.013691344,-0.003021272,0.069409392,-0.096255136,-0.087764006,55.87671397,0.353953547,11.76395745,0.104349648,22.61523689,0.182248018,0.747262548,0.90181624,0.788463887,0.74715623,0.901685175,0.788414418,0.087951649,0.22995601,0.149847841,0.086417687,0.205106674,0.141729942,0.012880182,0.013492064,0.013560805,16.70178741,0.068270677,5.372241275,0.042289254,8.6421629,0.056673634
binary_use_all_in_xQTL,vertical,2,0,0.5,0.2,5,TRUE,0.1427,1.00E-04,0.0327,0,0.2789,0.1209,0.2602,0.0973,0.2796,0.1212,0.2793,0.1207,0.2791,0.1219,0.2827,0.1234,0.3939,0.281,0.0592,0.0074,0.051,0.0048,0.0592,0.0075,0.0596,0.0076,0.0596,0.0075,0.0639,0.0084,0.1343,0.0601,0.0596,0.0075,0.0662,0.0569,0.0661,0.0658,0.0658,0.0699,0.1517,0.0492,0.0399,0.1643,0.1766,0.0481,0.0384,0.0476,0.0483,0.0485,0.1209,-0.2025555,-0.032259243,-0.133318398,-0.202620104,-0.032273153,-0.133263161,-0.000782103,-0.000477731,0.000576652,-0.002273377,-0.000831742,0.000523303,-0.062205336,-0.018790821,5.76E-05,56.42182357,0.356268949,75.96222183,0.425728296,76.57833308,0.427637766,3.395195323,2.880291594,1.636761419,3.395376514,2.880645799,1.63688751,0.089080657,0.044529007,0.044517371,0.087609064,0.043896247,0.043913057,0.013239468,0.007219271,0.007076329,16.68261193,0.067895168,22.12084443,0.071575235,22.33762654,0.071776763
binary_use_all_in_xQTL,horizontal,0.5,0.1,0.5,0.2,5,TRUE,0.1589,3.00E-04,0.0376,0,0.2755,0.1107,0.2559,0.0897,0.2878,0.1318,0.2154,0.088,0.243,0.0983,0.3167,0.1466,0.3724,0.2451,0.0611,0.003,0.0548,0.0019,0.0696,0.0123,0.0547,0.0069,0.0439,0.0054,0.1186,0.019,0.1016,0.0278,0.0593,0.0062,0.0273,0.0227,0.0548,0.0175,0.0175,0.0725,0.0524,0.0029,0.0022,0.0821,0.056,0.0061,0.0043,0.0191,0.0036,0.0019,0.0242,0.161374462,-0.000868914,-0.08335497,0.161938567,-0.001159481,-0.082337347,0.10783704,-0.236405101,0.162874744,0.122251584,-0.189495454,0.07042813,0.105407887,-0.087393445,-0.086007368,4.541594595,0.043576251,1.704806382,0.016862175,2.333549338,0.022912753,1.012105072,1.513217586,1.036930292,1.010837556,1.512781775,1.036639936,0.367025893,0.80202915,0.642277006,0.328589265,0.616510282,0.506833718,0.01308817,0.014159131,0.014140272,2.050277075,0.018717173,1.020664166,0.00987498,1.307546436,0.012470774
binary_use_all_in_xQTL,vertical,0.5,0.1,0.5,0.2,5,TRUE,0.1813,0,0.0444,0,0.3233,0.1572,0.3056,0.1322,0.3209,0.1573,0.3239,0.1579,0.3224,0.1559,0.3342,0.1653,0.4401,0.3235,0.0889,0.0146,0.0762,0.0084,0.0885,0.0146,0.0868,0.0151,0.0807,0.0142,0.1074,0.019,0.1748,0.0833,0.087,0.015,0.0706,0.0581,0.0678,0.0673,0.0673,0.0876,0.1628,0.0219,0.0153,0.1168,0.1624,0.0275,0.021,0.0245,0.03,0.0287,0.1013,-0.284306572,0.014220848,-0.047007316,-0.283913385,0.013256983,-0.047734706,-0.160185244,-0.08108303,0.082690714,-0.166949633,-0.081524155,0.077105476,-0.110716543,-0.04662624,0.019441219,4.467430093,0.042900224,5.638049118,0.053496125,5.659603913,0.053687496,3.160655481,2.726010112,1.561168575,3.15638153,2.720586779,1.557166678,0.37095003,0.185612476,0.187619393,0.333610484,0.170730762,0.173064109,0.013158692,0.00825747,0.008936589,2.019388332,0.018448178,2.391748939,0.021344853,2.401114556,0.021432776
binary_use_all_in_xQTL,horizontal,1,0.1,0.5,0.2,5,TRUE,0.2182,6.00E-04,0.0552,0,0.36,0.1867,0.3403,0.1562,0.3654,0.197,0.336,0.1693,0.3502,0.1816,0.3874,0.2078,0.4662,0.3527,0.1064,0.0148,0.0944,0.0086,0.1132,0.0241,0.0861,0.0148,0.0879,0.0163,0.1576,0.0338,0.1822,0.0772,0.1068,0.0208,0.0915,0.0798,0.1188,0.0745,0.0745,0.1457,0.1718,0.0426,0.0319,0.2055,0.1949,0.0388,0.0315,0.0578,0.0242,0.0242,0.1133,0.160184021,0.052501041,-0.048004859,0.160341005,0.052217139,-0.047710071,0.107689207,-0.269632848,0.192615812,0.110776879,-0.212342753,0.154493037,0.098057266,-0.086414089,-0.080851613,15.16270485,0.131243652,3.821166768,0.036881709,6.3949135,0.060095809,0.935031754,1.29412496,0.964801352,0.934814339,1.294054593,0.964494584,0.174158561,0.473842959,0.323344432,0.168340243,0.385574102,0.287917894,0.012724966,0.014025188,0.014185222,5.253511065,0.039263414,1.98342913,0.018322396,2.888065316,0.025346211
binary_use_all_in_xQTL,vertical,1,0.1,0.5,0.2,5,TRUE,0.2992,3.00E-04,0.0843,0,0.4607,0.2722,0.4425,0.2407,0.4624,0.2742,0.4608,0.2724,0.4588,0.2711,0.4669,0.2776,0.5698,0.462,0.1711,0.0412,0.1537,0.0285,0.174,0.0423,0.169,0.0414,0.1641,0.0387,0.1883,0.0467,0.292,0.1702,0.1701,0.0416,0.1784,0.1602,0.1799,0.1753,0.1753,0.1944,0.3103,0.1174,0.094,0.2863,0.3304,0.0992,0.0815,0.0957,0.1013,0.1005,0.2112,-0.273879704,0.000114117,-0.057365003,-0.273835354,0.000156078,-0.057574178,-0.156903536,-0.079025147,0.079783848,-0.157905076,-0.078774769,0.078019351,-0.104422079,-0.043588088,0.019504972,14.77117933,0.128376187,19.45595405,0.162151215,19.55660606,0.162836825,3.210598003,2.660582614,1.518807859,3.211774787,2.660186687,1.518208849,0.177351074,0.089320917,0.090337787,0.171535399,0.086970258,0.087976003,0.012733207,0.007851028,0.008453301,5.043709351,0.038012556,6.366010656,0.044201859,6.407693291,0.044415492
binary_use_all_in_xQTL,horizontal,2,0.1,0.5,0.2,5,TRUE,0.4253,0.0026,0.1449,0,0.5818,0.3891,0.5621,0.3503,0.5834,0.3976,0.5647,0.3672,0.5795,0.3921,0.5992,0.4097,0.6708,0.5801,0.264,0.067,0.2414,0.0471,0.2674,0.0851,0.1921,0.0492,0.2498,0.076,0.3248,0.11,0.3857,0.2293,0.2593,0.0779,0.2776,0.2528,0.2951,0.2721,0.2721,0.3393,0.4086,0.2064,0.1764,0.4295,0.4548,0.1297,0.1141,0.1402,0.1208,0.1216,0.2501,0.146061926,0.110658736,0.012287499,0.146006996,0.110668476,0.012307074,0.107360677,-0.273572752,0.187252151,0.107447484,-0.223771403,0.176273081,0.078656431,-0.083093588,-0.063909545,58.18611774,0.363072119,12.35051035,0.10897914,23.00075081,0.18467237,0.746447104,0.932514679,0.795468536,0.746561983,0.9324896,0.795632303,0.08650004,0.244825735,0.156815327,0.084999641,0.216188981,0.148060504,0.012038964,0.013763646,0.014707566,17.38808356,0.069137282,5.52309324,0.043092294,8.845258925,0.057651317
binary_use_all_in_xQTL,vertical,2,0.1,0.5,0.2,5,TRUE,0.6252,0.0083,0.2767,0,0.7601,0.606,0.7472,0.5689,0.7604,0.6059,0.7602,0.6057,0.7591,0.6055,0.7617,0.6079,0.8266,0.7616,0.4652,0.1974,0.4362,0.1543,0.4689,0.199,0.4653,0.1975,0.4591,0.1954,0.4796,0.2086,0.6167,0.4669,0.4647,0.1983,0.5003,0.472,0.5028,0.497,0.497,0.5121,0.6469,0.4177,0.3776,0.6117,0.6681,0.3076,0.2785,0.3057,0.3085,0.3082,0.4646,-0.279916609,-0.017089802,-0.079236731,-0.279442171,-0.017256195,-0.079497098,-0.156368872,-0.078684699,0.0791982,-0.155559387,-0.078093285,0.078237387,-0.087584074,-0.036274773,0.019595693,55.25146931,0.351710358,73.79191736,0.418987271,74.25893789,0.420491012,3.212659481,2.761073894,1.628742055,3.212455432,2.760574462,1.627619861,0.088130197,0.044554858,0.045107825,0.08666779,0.043911543,0.044468863,0.011782551,0.006713448,0.006944563,16.17250925,0.066828751,21.26218594,0.07048362,21.39457227,0.070591957
binary_use_all_in_xQTL,horizontal,0.5,0,1,0.2,5,TRUE,0.1387,1.00E-04,0.0357,0,0.2552,0.0881,0.2371,0.069,0.2572,0.1058,0.1946,0.0716,0.222,0.0865,0.303,0.1292,0.3478,0.2156,0.0548,0.0026,0.0498,0.0017,0.0532,0.0078,0.0542,0.0077,0.0502,0.0057,0.1161,0.0161,0.0881,0.0198,0.0506,0.0045,0.0234,0.0189,0.04,0.0233,0.0233,0.0714,0.0456,0.0027,0.0013,0.0662,0.0404,0.0041,0.0031,0.0142,0.0031,0.0024,0.0188,0.121001683,-0.137206419,-0.272806701,0.124277964,-0.138607448,-0.269177583,-0.003967046,-0.127746099,-0.01289146,0.056040035,-0.230474046,-0.125762406,0.102720557,-0.105729596,-0.105098328,4.451464558,0.042744396,1.675316881,0.016575551,2.357458345,0.02313984,1.047485729,1.483992264,0.971004307,1.048075095,1.483682173,0.969982796,0.370527858,0.797929093,0.640119907,0.327245934,0.601112606,0.492523873,0.013310917,0.013538628,0.013539322,2.041453117,0.018645379,1.010699741,0.009780772,1.323584303,0.012614392
binary_use_all_in_xQTL,vertical,0.5,0,1,0.2,5,TRUE,0.1436,1.00E-04,0.0358,0,0.2707,0.114,0.2504,0.092,0.2647,0.1106,0.2702,0.116,0.2706,0.115,0.284,0.1237,0.385,0.2702,0.0573,0.0058,0.0498,0.0037,0.056,0.0062,0.0555,0.0063,0.0559,0.0058,0.0749,0.0084,0.1253,0.0523,0.0566,0.0064,0.0435,0.0341,0.0401,0.0435,0.0435,0.0598,0.1155,0.0112,0.0062,0.0855,0.1181,0.0172,0.0123,0.0135,0.0195,0.0198,0.0767,-0.52305393,-0.017875646,-0.274391863,-0.525738475,-0.018140539,-0.272315868,0.003805901,0.000180763,0.002817001,-0.048713905,-0.013284195,0.002284909,-0.09256843,-0.030959292,4.35E-05,4.47096319,0.042917468,5.675485265,0.053814173,5.714436345,0.054164403,3.096769093,2.70536918,1.57024259,3.089345979,2.695651592,1.565268116,0.384803019,0.190200851,0.190142483,0.338395547,0.173588115,0.175383172,0.01382932,0.008642167,0.008987317,2.061895554,0.018844085,2.442567041,0.021804021,2.449313189,0.021846655
binary_use_all_in_xQTL,horizontal,1,0,1,0.2,5,TRUE,0.139,1.00E-04,0.0333,0,0.266,0.1081,0.2461,0.0851,0.2686,0.1167,0.2408,0.0953,0.2598,0.1086,0.2975,0.1295,0.3762,0.2556,0.0548,0.0052,0.0483,0.0031,0.0532,0.0087,0.0512,0.0076,0.0516,0.006,0.0967,0.0148,0.1053,0.0347,0.0525,0.0076,0.0442,0.0377,0.0542,0.0416,0.0416,0.0844,0.0954,0.0157,0.0116,0.1273,0.1154,0.0225,0.0166,0.0353,0.0137,0.0139,0.0809,0.139534007,-0.011325812,-0.226827598,0.140665744,-0.012204185,-0.225434264,-0.000353083,-0.007120931,0.012101872,0.014918792,-0.082299469,-0.029343165,0.093569304,-0.103683673,-0.101069619,14.73112753,0.128011101,3.695298164,0.035712557,6.421680701,0.060328084,0.846692018,1.1885999,0.881077587,0.84591237,1.188056367,0.880485536,0.177292875,0.472496868,0.318881293,0.170198531,0.388364875,0.280765182,0.013148449,0.01349238,0.013480344,5.136137152,0.038609292,1.94254254,0.017989723,2.904103165,0.025454966
binary_use_all_in_xQTL,vertical,1,0,1,0.2,5,TRUE,0.1456,1.00E-04,0.0373,0,0.2774,0.1196,0.257,0.0965,0.2768,0.119,0.2772,0.1202,0.2762,0.1196,0.284,0.1233,0.3904,0.2789,0.0583,0.0069,0.0494,0.0045,0.0583,0.0072,0.0584,0.0074,0.0577,0.0072,0.0683,0.0088,0.1332,0.0585,0.0581,0.0072,0.0618,0.0524,0.0604,0.0617,0.0617,0.0717,0.1434,0.0361,0.0289,0.1468,0.1659,0.0397,0.0308,0.0379,0.041,0.0406,0.1126,-0.517779654,0.012839434,-0.243233662,-0.518507216,0.012483764,-0.242896794,0.00038394,-0.000537067,0.001309386,-0.012654346,-0.003789758,0.001214117,-0.084237399,-0.027364567,5.91E-05,14.87213409,0.129065706,19.73064108,0.16396467,19.88070061,0.164990304,2.978763343,3.36625417,2.895934946,2.97646663,3.343006764,2.86211552,0.181339615,0.090285141,0.090250652,0.174538684,0.08785253,0.088043641,0.013607081,0.00825187,0.008457667,5.177750458,0.038892482,6.553773706,0.045270781,6.601684461,0.045511072
binary_use_all_in_xQTL,horizontal,2,0,1,0.2,5,TRUE,0.1377,1.00E-04,0.0315,0,0.2691,0.1152,0.2499,0.0919,0.2698,0.1188,0.2591,0.1086,0.2662,0.115,0.2909,0.1282,0.3835,0.2657,0.0561,0.0062,0.0459,0.0038,0.0536,0.0087,0.0522,0.0073,0.0518,0.0064,0.0854,0.0129,0.1162,0.0427,0.054,0.0082,0.0559,0.0475,0.0582,0.0572,0.0572,0.0885,0.1253,0.0359,0.0283,0.1529,0.1543,0.0366,0.0295,0.0433,0.0327,0.0332,0.1143,0.108051114,0.051321044,-0.140435893,0.108436273,0.050941345,-0.139976401,0.000521116,0.00056483,0.004284818,0.004322276,-0.022492299,-0.006246808,0.069334063,-0.096322261,-0.087838911,55.80867513,0.353703465,11.75463846,0.10428247,22.68637601,0.182717622,0.738134124,0.898263157,0.753097838,0.73788677,0.897958596,0.752849951,0.087765153,0.230015162,0.150967836,0.086143034,0.205408455,0.142803552,0.013027776,0.013622058,0.013710604,16.6708251,0.068082954,5.355784567,0.042242459,8.662611669,0.056676084
binary_use_all_in_xQTL,vertical,2,0,1,0.2,5,TRUE,0.1466,1.00E-04,0.0368,0,0.2785,0.1206,0.258,0.0979,0.2786,0.1202,0.2787,0.1205,0.2779,0.1203,0.282,0.1223,0.3923,0.2801,0.0596,0.0076,0.0512,0.0048,0.0598,0.0074,0.0597,0.0075,0.0595,0.0075,0.0646,0.0083,0.1345,0.0603,0.0594,0.0075,0.0653,0.0568,0.0659,0.0659,0.0659,0.0715,0.1516,0.0492,0.04,0.164,0.1765,0.0482,0.0382,0.0474,0.0485,0.0484,0.1211,-0.520235849,-0.012245124,-0.271976485,-0.520325504,-0.012270286,-0.271760534,-0.00048298,-0.000424634,0.00061355,-0.003710658,-0.001234964,0.000597425,-0.06223739,-0.018806611,7.05E-05,56.49026966,0.35644938,76.00818031,0.425810979,76.60333737,0.42764186,2.934766833,2.517300122,1.442739427,2.934106154,2.516560939,1.442301599,0.089190285,0.044559288,0.04454999,0.087755278,0.043970775,0.04398826,0.013165775,0.007180393,0.007009084,16.82857121,0.068301253,22.23200548,0.071815891,22.43734548,0.072103487
binary_use_all_in_xQTL,horizontal,0.5,0.1,1,0.2,5,TRUE,0.1606,3.00E-04,0.0423,0,0.2774,0.1122,0.2603,0.0889,0.2879,0.1326,0.2291,0.096,0.2319,0.0937,0.3217,0.1499,0.3729,0.2452,0.0701,0.0048,0.0614,0.0034,0.0845,0.0159,0.0653,0.0106,0.042,0.0038,0.1324,0.0222,0.1083,0.0304,0.0676,0.0075,0.0334,0.0285,0.0671,0.0139,0.0139,0.0847,0.0605,0.0045,0.0026,0.0877,0.0572,0.0072,0.006,0.0216,0.0055,0.0017,0.0237,0.217605809,-0.046732711,-0.204274415,0.220936154,-0.048066776,-0.200724343,0.103613753,-0.28914723,0.159217243,0.148150138,-0.289310734,0.019182563,0.10524909,-0.087394932,-0.085979111,4.519849436,0.043373726,1.697106866,0.016785204,2.342203002,0.022995066,1.027575803,1.486295333,1.081588496,1.02699637,1.484608184,1.080397873,0.358129106,0.793980777,0.677811113,0.318969605,0.614153285,0.514736918,0.013119023,0.014151634,0.014173951,2.053883715,0.018746364,1.02911978,0.009954916,1.313122924,0.012517199
binary_use_all_in_xQTL,vertical,0.5,0.1,1,0.2,5,TRUE,0.1872,0,0.0497,0,0.3288,0.1608,0.3092,0.1349,0.3262,0.1627,0.3282,0.1617,0.324,0.1574,0.3405,0.1698,0.4429,0.3298,0.0984,0.0181,0.0856,0.0113,0.1052,0.0216,0.0971,0.0192,0.0828,0.0156,0.1201,0.0254,0.1875,0.0928,0.0962,0.0196,0.0792,0.0669,0.0862,0.0698,0.0698,0.1016,0.1811,0.0255,0.0178,0.1187,0.1611,0.0301,0.021,0.0275,0.0329,0.0302,0.1003,-0.507054943,-0.01748609,-0.189274167,-0.508341893,-0.018262356,-0.186928043,-0.154002996,-0.079078965,0.081946804,-0.193975272,-0.090352441,0.081074646,-0.110793367,-0.046661737,0.019457208,4.488012376,0.043081523,5.659513301,0.053679146,5.690368017,0.053955846,3.077444145,2.57396351,1.455767697,3.068967988,2.566190674,1.450965448,0.36871207,0.184614852,0.188836986,0.325394449,0.169804716,0.174601894,0.013054047,0.00816037,0.008832647,2.045142734,0.018691556,2.418913276,0.021600282,2.42657849,0.021650128
binary_use_all_in_xQTL,horizontal,1,0.1,1,0.2,5,TRUE,0.2227,6.00E-04,0.0586,0,0.3613,0.1875,0.3398,0.1576,0.3694,0.199,0.3457,0.1772,0.3427,0.1748,0.3893,0.2099,0.4677,0.3528,0.1122,0.016,0.0993,0.0093,0.1239,0.0277,0.1009,0.0176,0.0787,0.0128,0.168,0.0358,0.1904,0.0801,0.1097,0.0217,0.0952,0.0835,0.1275,0.0653,0.0653,0.1531,0.1802,0.0443,0.0332,0.2063,0.195,0.0399,0.0329,0.059,0.0287,0.0199,0.112,0.234846925,0.074171218,-0.162380009,0.236019584,0.073672016,-0.161333973,0.106476229,-0.27001982,0.197514748,0.117139952,-0.243970799,0.143186751,0.097902806,-0.086396896,-0.08081607,15.11189548,0.130877886,3.811528921,0.036786274,6.423138724,0.060333064,0.859481282,1.224190459,0.907395315,0.859339853,1.223944883,0.907350116,0.171484079,0.460360282,0.335794704,0.165466683,0.387845847,0.29320674,0.01281317,0.014101236,0.014189749,5.220392577,0.039034004,1.997626976,0.01844768,2.921772488,0.02559135
binary_use_all_in_xQTL,vertical,1,0.1,1,0.2,5,TRUE,0.3051,3.00E-04,0.0923,0,0.4632,0.2754,0.4447,0.2438,0.4659,0.278,0.463,0.275,0.461,0.272,0.4704,0.2801,0.5713,0.4652,0.1817,0.0459,0.1635,0.0316,0.1916,0.05,0.1803,0.0454,0.1665,0.0413,0.2003,0.0519,0.3067,0.1816,0.1815,0.0463,0.1901,0.1701,0.1961,0.1774,0.1774,0.2055,0.3243,0.1187,0.0969,0.2863,0.3299,0.0998,0.0833,0.0974,0.1013,0.1018,0.2113,-0.483681927,-0.035294445,-0.198423904,-0.485072273,-0.034641138,-0.197586332,-0.155152001,-0.078484111,0.079536888,-0.16459641,-0.080927178,0.078920212,-0.104414992,-0.043580655,0.019503487,14.80722541,0.128617566,19.50729066,0.162486997,19.63264901,0.163345952,3.35882209,2.837690054,1.514828851,3.359318123,2.837936285,1.51453861,0.174568579,0.088402493,0.089986621,0.168371122,0.086029572,0.087784622,0.012730161,0.007783375,0.008313805,5.099350169,0.038383285,6.404971064,0.044450418,6.448016561,0.044665211
binary_use_all_in_xQTL,horizontal,2,0.1,1,0.2,5,TRUE,0.4271,0.0026,0.1513,0,0.5832,0.3889,0.5636,0.3503,0.5873,0.3986,0.5694,0.3726,0.5772,0.3885,0.5993,0.4108,0.6718,0.5817,0.267,0.0689,0.2438,0.0488,0.2779,0.0901,0.2079,0.0548,0.2388,0.0715,0.33,0.1101,0.3908,0.2343,0.265,0.0823,0.2808,0.2565,0.3044,0.2607,0.2607,0.3423,0.4138,0.2072,0.1775,0.4289,0.4562,0.1295,0.1144,0.1405,0.1205,0.1207,0.2502,0.211450369,0.157209572,-0.067633723,0.211694081,0.157009173,-0.067394268,0.107090823,-0.272284882,0.188497564,0.10912005,-0.231504855,0.173501187,0.078570841,-0.083043199,-0.063791543,58.11317206,0.362746341,12.34874716,0.108939865,23.0360675,0.184914102,0.749048324,0.941241648,0.780602038,0.749044126,0.941329238,0.780600039,0.085383241,0.238425226,0.160641491,0.083937956,0.213564197,0.15050392,0.012166424,0.013897531,0.014745315,17.44899936,0.069166798,5.554937202,0.043347094,8.853409983,0.05753253
binary_use_all_in_xQTL,vertical,2,0.1,1,0.2,5,TRUE,0.6293,0.0091,0.2909,0,0.7604,0.6074,0.7494,0.571,0.7621,0.6088,0.7604,0.6077,0.7591,0.6057,0.7626,0.6097,0.8277,0.7615,0.4769,0.2033,0.4478,0.1599,0.4857,0.2104,0.4758,0.2031,0.4647,0.1954,0.4926,0.2157,0.6278,0.4791,0.4763,0.2035,0.5088,0.4798,0.5147,0.5001,0.5001,0.5212,0.6532,0.4181,0.3788,0.612,0.6684,0.3078,0.2786,0.3064,0.3081,0.3082,0.4644,-0.502759315,-0.019490164,-0.193962961,-0.502882854,-0.019478285,-0.19393956,-0.156018693,-0.078562441,0.079129561,-0.157653874,-0.078783904,0.078560438,-0.087554229,-0.036238883,0.019592069,55.27039972,0.351737883,73.84439444,0.419165262,74.36103809,0.420800329,2.957755343,2.60105321,1.506857698,2.957686666,2.601004885,1.506730246,0.086519719,0.044026145,0.044908317,0.085161426,0.043443182,0.044353443,0.011872064,0.006717888,0.006864067,16.25391739,0.067003836,21.26707928,0.070464874,21.42654443,0.070756175
binary_use_all_in_xQTL,horizontal,0.5,0,0,0.2,20,TRUE,0.4366,0.3837,0.0287,0.0112,0.5389,0.5089,0.5249,0.4918,0.55,0.5226,0.482,0.4554,0.4803,0.4534,0.5786,0.5498,0.6116,0.5948,0.0355,0.0202,0.0314,0.0178,0.0439,0.0317,0.0349,0.0234,0.0329,0.0229,0.0955,0.068,0.0491,0.0355,0.0347,0.0225,0.0157,0.0141,0.0301,0.0156,0.0156,0.0556,0.0252,1.00E-04,0,0.1272,0.0576,0.0018,0.0012,0.0097,0.0019,0.0019,0.0099,0.005245401,-0.001084915,0.002799049,0.004650709,-0.001654003,0.002757535,0.007398283,-0.006521767,0.007824385,0.005176664,-0.003810566,0.002986365,0.103265495,-0.105664504,-0.105385246,1.760040707,0.068059946,1.201381791,0.047545028,1.202160132,0.047567194,0.351753561,0.432731023,0.355852505,0.330853599,0.427651804,0.333210215,0.375649275,0.613507116,0.626721157,0.242183894,0.303141373,0.301518056,0.01344891,0.01362089,0.013495496,0.533877149,0.019147325,0.385066394,0.014440807,0.391292201,0.01468091
binary_use_all_in_xQTL,vertical,0.5,0,0,0.2,20,TRUE,0.4368,0.3784,0.0247,0.0113,0.5581,0.5332,0.5447,0.5162,0.5558,0.5306,0.5585,0.5337,0.5578,0.5326,0.5682,0.5427,0.6447,0.6312,0.0506,0.0344,0.0416,0.0279,0.0448,0.032,0.0482,0.0358,0.0478,0.0358,0.0729,0.0556,0.1065,0.0906,0.05,0.0368,0.0334,0.0272,0.0313,0.035,0.035,0.0562,0.0928,0.0039,0.0021,0.1731,0.1512,0.0153,0.0111,0.0125,0.0174,0.0169,0.0725,-0.01182075,0.011558018,0.00492741,-0.011453489,0.011408337,0.00474524,0.000950457,0.000737015,-0.00072878,0.001655638,0.001349231,-0.001338005,-0.092836599,-0.031100747,3.72E-05,1.773187682,0.068542482,2.035545211,0.077856184,2.04164797,0.078071037,0.842883038,0.72350847,0.430920018,0.824896289,0.710889184,0.417710092,0.376971342,0.188913844,0.18887704,0.245981255,0.133034033,0.133181512,0.014176078,0.008811157,0.009035449,0.529788257,0.018992228,0.594785321,0.020877583,0.596266746,0.020899015
binary_use_all_in_xQTL,horizontal,1,0,0,0.2,20,TRUE,0.4393,0.3876,0.0287,0.012,0.5589,0.5313,0.5424,0.5133,0.5615,0.5339,0.552,0.5244,0.5494,0.526,0.5793,0.552,0.6383,0.6232,0.0493,0.0293,0.0428,0.0253,0.0549,0.0389,0.0441,0.0332,0.0418,0.0296,0.1035,0.0765,0.086,0.0682,0.0526,0.0376,0.035,0.0288,0.0504,0.0272,0.0272,0.0864,0.0696,0.0098,0.0052,0.2926,0.1664,0.0185,0.0142,0.0325,0.0104,0.0087,0.0725,0.002753731,-0.000877015,0.000222554,0.002681365,-0.001038415,0.000305011,0.003158593,-0.008527356,0.002517988,0.002944986,-0.004577992,0.002050994,0.095059187,-0.103290044,-0.102961196,4.012413253,0.142431058,1.791205589,0.069168717,1.788616922,0.069067111,0.293729093,0.418658811,0.293107635,0.290654916,0.417869153,0.289914621,0.182409209,0.374336087,0.382228311,0.154479634,0.242861518,0.24455033,0.013080873,0.013525248,0.0133764,0.990974486,0.030008349,0.548062598,0.019570758,0.553009417,0.019767154
binary_use_all_in_xQTL,vertical,1,0,0,0.2,20,TRUE,0.4413,0.3828,0.0278,0.013,0.5648,0.5393,0.5492,0.5231,0.5637,0.5396,0.5647,0.5385,0.5645,0.5382,0.5704,0.5439,0.6524,0.6367,0.0574,0.0432,0.0485,0.0345,0.0546,0.0427,0.0574,0.0432,0.0584,0.0422,0.0737,0.0562,0.1287,0.1103,0.0572,0.0437,0.0555,0.0463,0.0524,0.054,0.054,0.0709,0.1273,0.0302,0.0195,0.3132,0.2097,0.0393,0.0317,0.0365,0.0401,0.04,0.1112,-0.012033419,0.012047893,0.005792213,-0.012130331,0.012090097,0.005665732,0.000752113,0.000429071,-0.000432265,0.000828643,0.000620174,-0.000589331,-0.085288251,-0.027812496,3.23E-05,4.062043674,0.143956384,5.126799429,0.174951308,5.156398449,0.175781795,0.823138727,0.712900148,0.412621142,0.821217173,0.711605657,0.41111347,0.182388499,0.09124756,0.09122439,0.156260913,0.080410328,0.080333925,0.013763559,0.008383295,0.008552874,0.989295277,0.029889342,1.192447433,0.033413618,1.19878913,0.033448367
binary_use_all_in_xQTL,horizontal,2,0,0,0.2,20,TRUE,0.439,0.389,0.0285,0.0122,0.5623,0.5366,0.5469,0.519,0.5635,0.5368,0.5599,0.5341,0.5608,0.5336,0.5725,0.5463,0.6444,0.6301,0.0599,0.0407,0.0494,0.0321,0.06,0.0441,0.0545,0.0403,0.0556,0.0389,0.0987,0.0726,0.1209,0.1017,0.0612,0.0445,0.0565,0.0465,0.0608,0.0511,0.0511,0.096,0.1211,0.0344,0.0237,0.3511,0.2146,0.037,0.0298,0.0427,0.0341,0.0319,0.1085,0.001696259,-0.000395201,-0.000681062,0.001654092,-0.000431351,-0.000692895,0.001417529,-0.003399517,0.001740097,0.001355034,-0.00292672,0.001134533,0.072163451,-0.094751496,-0.094352454,13.02487415,0.349294114,4.148564445,0.14637445,4.137157479,0.146012323,0.270165977,0.393349727,0.269660429,0.269546395,0.393115637,0.269098138,0.090346883,0.182667566,0.184656934,0.08363312,0.153156781,0.155345237,0.012048885,0.013218883,0.013051956,2.520660284,0.043743703,1.09342004,0.032661566,1.099113928,0.03288646
binary_use_all_in_xQTL,vertical,2,0,0,0.2,20,TRUE,0.442,0.3848,0.0297,0.013,0.5659,0.5397,0.5501,0.5238,0.566,0.5406,0.5661,0.5395,0.5667,0.5397,0.5694,0.5421,0.6528,0.6377,0.0604,0.0442,0.0502,0.0358,0.0591,0.0445,0.0599,0.0442,0.0611,0.0434,0.0706,0.0514,0.1372,0.1186,0.0604,0.0442,0.0617,0.0507,0.0603,0.0621,0.0621,0.0719,0.141,0.0477,0.038,0.3522,0.2232,0.048,0.0386,0.0471,0.0482,0.0483,0.1197,-0.012152092,0.012082064,0.005891421,-0.012217362,0.012119819,0.005861453,0.000440546,0.000233148,-0.000234237,0.000449368,0.000284996,-0.000274443,-0.064452543,-0.019578382,1.89E-05,13.20375856,0.352422361,17.48674361,0.418476455,17.61253514,0.420223409,0.820204304,0.712303354,0.409089669,0.819797497,0.712001976,0.408810946,0.090262417,0.045177595,0.045172419,0.084090289,0.042405411,0.042365706,0.012483261,0.007141339,0.007174539,2.532121037,0.043616828,3.259522154,0.045200391,3.281682141,0.045071683
binary_use_all_in_xQTL,horizontal,0.5,0.1,0,0.2,20,TRUE,0.4539,0.3977,0.0301,0.0134,0.56,0.5285,0.5452,0.5117,0.5696,0.5431,0.5014,0.4741,0.4958,0.4705,0.596,0.5689,0.6311,0.6158,0.038,0.022,0.0342,0.0194,0.0495,0.0363,0.0371,0.025,0.0344,0.0238,0.1017,0.0734,0.0583,0.0399,0.0391,0.0249,0.0159,0.014,0.0328,0.0161,0.0161,0.0604,0.0249,3.00E-04,1.00E-04,0.1378,0.0678,0.0018,0.0015,0.0109,0.0021,0.001,0.0134,0.058048331,-0.013416163,0.052356696,0.045624102,-0.009867481,0.040464855,0.094579598,-0.148139869,0.145187067,0.051802419,-0.04097209,0.038935833,0.105627512,-0.087589135,-0.086634974,1.774815296,0.068597864,1.212828929,0.047974308,1.198243,0.047422975,0.353250422,0.433445433,0.356430893,0.33275664,0.427624584,0.332941853,0.375948441,0.621420008,0.635323894,0.244516996,0.304424755,0.303355275,0.013440726,0.014377853,0.014197089,0.532353951,0.0190726,0.388733182,0.014564433,0.387644097,0.01455087
binary_use_all_in_xQTL,vertical,0.5,0.1,0,0.2,20,TRUE,0.4821,0.4255,0.036,0.0137,0.6003,0.5706,0.5827,0.5537,0.5973,0.5686,0.599,0.5721,0.6004,0.5714,0.6114,0.5823,0.6817,0.6675,0.0616,0.043,0.051,0.0346,0.058,0.0431,0.0602,0.0444,0.0559,0.0422,0.0899,0.068,0.1339,0.113,0.0622,0.044,0.0419,0.034,0.0395,0.0418,0.0418,0.0698,0.1131,0.0079,0.0038,0.2046,0.1915,0.017,0.0127,0.0135,0.0191,0.021,0.0839,-0.060736782,0.013026682,0.053285085,-0.043655881,0.012841753,0.037122778,-0.154228142,-0.0779223,0.078303099,-0.078949578,-0.044583498,0.044816794,-0.111048403,-0.04680861,0.019432003,1.774827147,0.068595541,2.032504556,0.077742871,2.035841792,0.077863167,0.848335391,0.73051159,0.43910817,0.825982273,0.712724562,0.422685959,0.38224952,0.19202325,0.192774479,0.246140174,0.133258292,0.133823309,0.013267197,0.008243131,0.008770532,0.534348124,0.019134117,0.598276909,0.020990782,0.597243782,0.020946179
binary_use_all_in_xQTL,horizontal,1,0.1,0,0.2,20,TRUE,0.4964,0.4422,0.0474,0.021,0.6112,0.5853,0.5961,0.5679,0.6115,0.589,0.6064,0.5781,0.6031,0.5767,0.6293,0.6037,0.689,0.6735,0.0815,0.0555,0.072,0.0458,0.0829,0.0661,0.0627,0.0468,0.0641,0.0482,0.1429,0.1109,0.1267,0.1031,0.0844,0.0652,0.0597,0.0505,0.0788,0.0428,0.0428,0.1208,0.1039,0.02,0.0124,0.3493,0.2186,0.0278,0.0205,0.0467,0.0165,0.0138,0.0938,0.059230014,-0.010178807,0.053591649,0.054263086,-0.008451992,0.048696807,0.091643495,-0.185771828,0.185286715,0.07394895,-0.094428535,0.097042473,0.098735481,-0.08636844,-0.083512633,4.084843384,0.14462275,1.828185998,0.070487107,1.784550861,0.068927668,0.295150769,0.419898743,0.295798803,0.292130184,0.41895277,0.292410872,0.182053828,0.377092412,0.386586058,0.155094832,0.24412079,0.247298379,0.012993939,0.014247056,0.014081472,1.004526117,0.03027248,0.559772095,0.019941981,0.547677787,0.0196001
binary_use_all_in_xQTL,vertical,1,0.1,0,0.2,20,TRUE,0.5895,0.5428,0.0728,0.037,0.6888,0.6667,0.675,0.651,0.6865,0.6652,0.6884,0.6668,0.689,0.6663,0.6921,0.6703,0.7538,0.7407,0.1486,0.1153,0.1297,0.0973,0.1398,0.1119,0.146,0.1146,0.1422,0.1122,0.1746,0.1428,0.2567,0.2319,0.1483,0.1178,0.1418,0.1244,0.1339,0.14,0.14,0.1709,0.2558,0.0964,0.0734,0.4555,0.3727,0.0828,0.0678,0.0783,0.0846,0.0845,0.1944,-0.052109856,0.006464847,0.056590344,-0.044894456,0.006226143,0.049131289,-0.155685993,-0.078236544,0.078583237,-0.123141958,-0.064624126,0.065061606,-0.105300844,-0.044028435,0.019506213,4.048955213,0.143543043,5.082032027,0.173669272,5.101537514,0.174226602,0.827674057,0.723446539,0.424679151,0.824065416,0.720234873,0.422211216,0.186555306,0.093462851,0.093736703,0.158081928,0.081658379,0.08189769,0.012763155,0.007812038,0.008308333,0.995459815,0.030076298,1.195073075,0.033580571,1.195309824,0.033512526
binary_use_all_in_xQTL,horizontal,2,0.1,0,0.2,20,TRUE,0.6333,0.5882,0.103,0.0554,0.7261,0.7069,0.7156,0.6942,0.7272,0.7076,0.7245,0.7059,0.7245,0.7057,0.7337,0.7155,0.7815,0.7724,0.1916,0.1541,0.1727,0.1346,0.1918,0.1583,0.1595,0.1303,0.1718,0.1416,0.2525,0.2139,0.2956,0.2679,0.1954,0.1633,0.1863,0.1668,0.1958,0.1638,0.1638,0.2494,0.2957,0.1303,0.1035,0.5269,0.421,0.0968,0.0815,0.108,0.0902,0.0871,0.2048,0.06375026,0.003559255,0.055116859,0.061018803,0.004729316,0.052373786,0.089307389,-0.18057961,0.182887707,0.081623178,-0.138469951,0.145363357,0.079657884,-0.082151415,-0.072522981,13.43530952,0.356328465,4.31405599,0.151318329,4.16317199,0.14678548,0.271662933,0.395743091,0.274823577,0.271074013,0.395375602,0.2741762,0.089884635,0.184801133,0.18687112,0.083650765,0.155671391,0.156551744,0.01166281,0.013601056,0.013908355,2.596521014,0.044059413,1.12305786,0.033167088,1.106950605,0.033090561
binary_use_all_in_xQTL,vertical,2,0.1,0,0.2,20,TRUE,0.834,0.8083,0.2569,0.1653,0.8828,0.8728,0.8773,0.8655,0.8827,0.8729,0.8828,0.8727,0.8836,0.872,0.8839,0.8735,0.9104,0.9058,0.4287,0.3785,0.3987,0.3463,0.4201,0.3728,0.4273,0.3772,0.4287,0.3794,0.4535,0.404,0.5851,0.5566,0.4287,0.3795,0.4352,0.4076,0.4265,0.4364,0.4364,0.4586,0.5932,0.3886,0.3463,0.7586,0.698,0.2555,0.2312,0.254,0.2562,0.2562,0.4147,-0.051809671,0.004004882,0.05624017,-0.048307775,0.003994186,0.052440044,-0.156123559,-0.078495304,0.078904186,-0.141437593,-0.071982775,0.072407201,-0.089308633,-0.03693115,0.019532013,12.95651948,0.348111742,17.0425214,0.412236882,17.13286711,0.413551195,0.827907624,0.720659974,0.418316858,0.826457025,0.719321568,0.41744509,0.093175633,0.046760834,0.046966711,0.08619218,0.043599235,0.043790444,0.011378171,0.006633852,0.007004093,2.504974829,0.043680106,3.199407009,0.045250247,3.198363365,0.044982792
binary_use_all_in_xQTL,horizontal,0.5,0,0.5,0.2,20,TRUE,0.445,0.3951,0.0508,0.0204,0.545,0.5139,0.5301,0.496,0.5506,0.5253,0.482,0.4564,0.4799,0.4527,0.5889,0.5607,0.6146,0.5978,0.0703,0.0429,0.0626,0.0359,0.0665,0.0502,0.066,0.0505,0.0618,0.0449,0.1582,0.1203,0.0993,0.0728,0.071,0.049,0.0368,0.0315,0.0508,0.0363,0.0363,0.1062,0.06,5.00E-04,3.00E-04,0.1284,0.0555,0.0023,0.0023,0.0102,0.0019,0.0013,0.0123,0.05173213,-0.079699671,-0.164689001,0.065009225,-0.084267657,-0.15129107,0.007049232,-0.046760201,-0.047078833,0.10181188,-0.165788073,-0.164076439,0.103512627,-0.105608993,-0.105604805,1.76375462,0.06818944,1.200524914,0.047517743,1.201645546,0.047548002,0.350490635,0.429537988,0.348771827,0.330214737,0.424497289,0.32749187,0.372994299,0.613854298,0.62660454,0.245677574,0.305400729,0.301410137,0.013352106,0.013453785,0.013508295,0.537632985,0.019258412,0.380369417,0.014277059,0.391169737,0.014666612
binary_use_all_in_xQTL,vertical,0.5,0,0.5,0.2,20,TRUE,0.4461,0.3863,0.046,0.0198,0.5595,0.5322,0.5431,0.515,0.554,0.5276,0.5593,0.5321,0.5581,0.5312,0.5715,0.5432,0.6461,0.6312,0.0559,0.0374,0.0449,0.0301,0.0582,0.0439,0.0527,0.0391,0.0476,0.0337,0.0863,0.0648,0.1149,0.0985,0.0535,0.0387,0.0402,0.0321,0.0443,0.0357,0.0357,0.071,0.1002,0.005,0.0021,0.1733,0.1489,0.0147,0.0108,0.0115,0.0159,0.017,0.0709,-0.262906713,0.005822197,-0.123730815,-0.272801674,0.006873166,-0.113772765,0.003313458,0.001579427,-0.000926592,-0.086112475,-0.02364983,-0.000983329,-0.092678905,-0.031038837,-1.24E-05,1.768319693,0.068375775,2.035467303,0.077863346,2.044597338,0.07818601,0.844704692,0.728938631,0.432932515,0.825600293,0.716123834,0.420781947,0.375563348,0.187450598,0.187469571,0.245279203,0.133037901,0.13293777,0.013828824,0.008539372,0.008961329,0.523372575,0.018753359,0.588711791,0.020654914,0.58936354,0.020685054
binary_use_all_in_xQTL,horizontal,1,0,0.5,0.2,20,TRUE,0.447,0.3982,0.0541,0.0205,0.5601,0.534,0.5451,0.5151,0.5615,0.5346,0.5507,0.5253,0.551,0.5248,0.5847,0.5575,0.6391,0.6239,0.0675,0.0428,0.059,0.0358,0.0635,0.0451,0.0662,0.0491,0.0624,0.0447,0.1459,0.1073,0.1061,0.082,0.0641,0.0431,0.0488,0.0438,0.0617,0.0445,0.0445,0.1245,0.0878,0.0095,0.0055,0.2946,0.1622,0.018,0.0137,0.0316,0.0118,0.0096,0.0731,0.050278947,-0.072011696,-0.166214664,0.054603418,-0.073604598,-0.161749765,0.002423114,-0.006655852,0.004300777,0.038299214,-0.097928048,-0.09465253,0.09528032,-0.103230197,-0.10319151,4.018457693,0.142608077,1.791733722,0.069203748,1.784592577,0.068924243,0.292356254,0.414398896,0.289131721,0.289489592,0.413755439,0.286171986,0.181964925,0.368891145,0.384586231,0.155619915,0.244353005,0.243669956,0.012992882,0.013339416,0.013417332,0.995455646,0.030108366,0.536957481,0.019209992,0.551127895,0.019708048
binary_use_all_in_xQTL,vertical,1,0,0.5,0.2,20,TRUE,0.4513,0.3909,0.0491,0.0223,0.5644,0.5372,0.5484,0.5228,0.5638,0.5374,0.5646,0.537,0.565,0.5374,0.571,0.5428,0.6509,0.6365,0.0591,0.0425,0.0495,0.0343,0.0593,0.0437,0.0574,0.0425,0.0559,0.0417,0.0796,0.0594,0.1293,0.1123,0.0579,0.043,0.0564,0.0465,0.0562,0.0554,0.0554,0.0774,0.1292,0.0303,0.0195,0.3134,0.2099,0.0386,0.0313,0.036,0.0399,0.04,0.1114,-0.263563387,0.007353486,-0.124413728,-0.266787981,0.007691054,-0.120965738,0.00169553,0.000724641,-0.000527298,-0.030530148,-0.00756891,-0.000546163,-0.085155191,-0.027761375,-8.06E-06,4.056185904,0.143809023,5.129745136,0.175068486,5.162600127,0.17599391,0.826137647,0.718948215,0.41645096,0.823346185,0.717259582,0.414941334,0.182283443,0.091078035,0.091032796,0.156117734,0.080438007,0.080410735,0.013449429,0.008120771,0.008458437,0.974478934,0.029432574,1.178253931,0.032986706,1.181378527,0.033035928
binary_use_all_in_xQTL,horizontal,2,0,0.5,0.2,20,TRUE,0.4467,0.3971,0.0513,0.0218,0.5627,0.5376,0.5473,0.5205,0.5628,0.537,0.5587,0.535,0.5615,0.5347,0.575,0.5486,0.6455,0.6306,0.0665,0.0445,0.0555,0.0355,0.0628,0.0465,0.0658,0.0485,0.0612,0.0428,0.118,0.0867,0.1242,0.1057,0.0622,0.0451,0.0632,0.0538,0.0644,0.057,0.057,0.1142,0.1249,0.0347,0.0227,0.3521,0.2149,0.0375,0.0294,0.0427,0.0344,0.0315,0.1082,0.055289581,-0.050370849,-0.157987092,0.056553998,-0.050942535,-0.156645416,0.001227451,-0.002402582,0.002954448,0.011309823,-0.036790077,-0.033188286,0.072350331,-0.094694675,-0.094592388,13.02618013,0.349299989,4.149831416,0.146459377,4.125629908,0.145664171,0.26744824,0.38841986,0.266437529,0.266908286,0.388237557,0.26597218,0.090293671,0.182056492,0.185692533,0.084183615,0.154094545,0.155003484,0.012002657,0.01301684,0.013130836,2.528122979,0.043874374,1.071642704,0.032102155,1.097051569,0.032883635
binary_use_all_in_xQTL,vertical,2,0,0.5,0.2,20,TRUE,0.4528,0.3922,0.0484,0.0235,0.5663,0.539,0.5498,0.5232,0.5654,0.5383,0.5662,0.5392,0.5659,0.5393,0.5692,0.5417,0.6523,0.6371,0.0582,0.0446,0.0492,0.0352,0.0586,0.0443,0.0574,0.044,0.0573,0.043,0.0704,0.0518,0.1383,0.1217,0.0578,0.0438,0.0601,0.0505,0.0599,0.0594,0.0594,0.0722,0.1423,0.0476,0.0374,0.3525,0.2229,0.0476,0.0383,0.0463,0.0482,0.0481,0.1191,-0.264242828,0.008047478,-0.12427568,-0.2651507,0.008231271,-0.123281649,0.000705168,0.000318287,-0.000268351,-0.008226507,-0.001902469,-0.00028564,-0.064365731,-0.019549356,-1.10E-06,13.19652261,0.35236648,17.49789703,0.418704799,17.62972675,0.42054676,0.822948281,0.718348182,0.413569815,0.822263766,0.717907221,0.413251055,0.090295097,0.045165752,0.045150688,0.084343995,0.042539431,0.042513784,0.012260157,0.006947718,0.007083298,2.502414162,0.043086985,3.228101663,0.04471501,3.237624708,0.044597781
binary_use_all_in_xQTL,horizontal,0.5,0.1,0.5,0.2,20,TRUE,0.4604,0.4028,0.0538,0.0228,0.5622,0.5314,0.5498,0.516,0.5723,0.5473,0.5099,0.4815,0.4857,0.4561,0.6037,0.5748,0.6369,0.6166,0.0794,0.0505,0.0719,0.0429,0.0896,0.0684,0.0702,0.0544,0.0439,0.0321,0.16,0.1247,0.1092,0.0832,0.0814,0.0573,0.0405,0.0364,0.0714,0.0227,0.0227,0.1122,0.0637,7.00E-04,3.00E-04,0.1448,0.0701,0.0029,0.0018,0.0129,0.0021,8.00E-04,0.014,0.120789994,-0.045273073,-0.100281302,0.12797619,-0.047731912,-0.093082849,0.093201612,-0.176326282,0.098793019,0.148237281,-0.173245783,-0.097175111,0.105863621,-0.08760326,-0.08697218,1.780940672,0.068808,1.211087996,0.047910434,1.201135974,0.047532123,0.347146452,0.427620065,0.349987631,0.327271512,0.422619064,0.329572503,0.370940914,0.617579794,0.636242268,0.243588081,0.304458618,0.305656229,0.013242802,0.014121829,0.014146154,0.540521624,0.01933724,0.386769749,0.014507936,0.388122192,0.014560187
binary_use_all_in_xQTL,vertical,0.5,0.1,0.5,0.2,20,TRUE,0.4896,0.4324,0.0617,0.0302,0.6028,0.5762,0.5883,0.5587,0.6004,0.5758,0.6036,0.5773,0.6028,0.5753,0.6152,0.5886,0.6843,0.6706,0.1003,0.0735,0.0863,0.0627,0.1134,0.0907,0.0963,0.0761,0.0726,0.0533,0.1401,0.1106,0.1864,0.163,0.0982,0.0768,0.0778,0.0646,0.0933,0.0552,0.0552,0.1182,0.1663,0.0103,0.0053,0.2173,0.1986,0.0197,0.0141,0.0161,0.0207,0.0209,0.0877,-0.289501686,0.005558698,-0.06291533,-0.290136377,0.005871855,-0.062077487,-0.15119817,-0.076137527,0.077136983,-0.183297341,-0.081580857,0.060119022,-0.110914093,-0.04677445,0.019403482,1.768672401,0.068388794,2.032453138,0.077759115,2.041600695,0.078080835,0.835354685,0.726215137,0.434092597,0.81716892,0.71342091,0.421900301,0.371662691,0.186925811,0.18888724,0.243498277,0.13219258,0.133217976,0.013103734,0.008119927,0.008810507,0.523108967,0.018750882,0.586771494,0.020601342,0.588887733,0.020653271
binary_use_all_in_xQTL,horizontal,1,0.1,0.5,0.2,20,TRUE,0.5032,0.4495,0.0702,0.0343,0.6121,0.5885,0.5987,0.5698,0.6145,0.5923,0.6086,0.5843,0.5976,0.573,0.6324,0.6081,0.6901,0.6751,0.1082,0.0756,0.0972,0.066,0.1274,0.1005,0.1083,0.0841,0.046,0.0339,0.1844,0.1478,0.1576,0.1326,0.1107,0.0833,0.0861,0.0787,0.1231,0.0307,0.0307,0.1684,0.14,0.0218,0.0138,0.3489,0.2174,0.0291,0.022,0.0489,0.0194,0.0111,0.0935,0.12046348,-0.03670061,-0.098647277,0.121775312,-0.037145473,-0.097293415,0.090590821,-0.184067292,0.187778807,0.108761394,-0.169670342,0.018881051,0.09894757,-0.086343987,-0.083773431,4.090205632,0.14478695,1.825515123,0.070408977,1.781430884,0.068815594,0.290665481,0.413416439,0.290370306,0.288007954,0.41283468,0.287640068,0.179831662,0.367793862,0.394833775,0.154674343,0.243891823,0.2472877,0.012817686,0.013981522,0.014124416,1.004368263,0.03025994,0.547283171,0.019539076,0.547285592,0.019575767
binary_use_all_in_xQTL,vertical,1,0.1,0.5,0.2,20,TRUE,0.5956,0.5488,0.1104,0.0595,0.691,0.6688,0.6787,0.6555,0.6914,0.6692,0.6913,0.6694,0.6902,0.6678,0.6954,0.6731,0.7532,0.7418,0.1888,0.1529,0.169,0.1328,0.2012,0.1681,0.1832,0.1506,0.158,0.1288,0.2205,0.1864,0.3108,0.2824,0.1877,0.154,0.1852,0.1639,0.1981,0.1553,0.1553,0.2181,0.3091,0.0989,0.0763,0.4567,0.3727,0.0839,0.0696,0.0793,0.0858,0.0851,0.1945,-0.284236731,0.002056795,-0.063061866,-0.283419752,0.002299291,-0.063779228,-0.15445481,-0.077651565,0.078177777,-0.162033182,-0.077482864,0.070476618,-0.105209418,-0.043995874,0.019447593,4.039420288,0.14330748,5.084097534,0.173793675,5.113354074,0.174618806,0.815120076,0.712659528,0.416629547,0.812553685,0.711158093,0.415165647,0.181973624,0.091734263,0.09271473,0.156081795,0.08086931,0.081599573,0.012654621,0.007697012,0.008321166,0.968691332,0.029281356,1.166485143,0.032765602,1.170457717,0.032817729
binary_use_all_in_xQTL,horizontal,2,0.1,0.5,0.2,20,TRUE,0.6394,0.5923,0.1308,0.0719,0.7264,0.7074,0.7158,0.6956,0.728,0.7086,0.7274,0.7078,0.7231,0.7036,0.7353,0.7151,0.7823,0.7729,0.2114,0.1715,0.1932,0.1512,0.229,0.1953,0.2138,0.1748,0.129,0.1035,0.2768,0.2344,0.3127,0.283,0.2134,0.1777,0.2086,0.1883,0.2327,0.1207,0.1207,0.2753,0.3124,0.1324,0.1037,0.5284,0.421,0.0967,0.0813,0.1078,0.0923,0.0842,0.2051,0.131018646,-0.004051058,-0.089096012,0.130299591,-0.003754499,-0.08976217,0.089140862,-0.179710797,0.184382923,0.091826301,-0.165570343,0.119251875,0.079846864,-0.082197919,-0.072695626,13.41852175,0.356045366,4.310920038,0.151264592,4.15675548,0.146600533,0.26797049,0.391494893,0.269486124,0.267455635,0.391336568,0.269082968,0.088970816,0.181246632,0.191442475,0.083146092,0.155131294,0.157994413,0.011588912,0.013422832,0.013950333,2.589926598,0.044087127,1.103722694,0.032711036,1.102969428,0.032957511
binary_use_all_in_xQTL,vertical,2,0.1,0.5,0.2,20,TRUE,0.8366,0.8111,0.3065,0.2072,0.8846,0.8731,0.8781,0.8667,0.8845,0.8738,0.8844,0.8726,0.8841,0.8726,0.8855,0.8744,0.9108,0.9063,0.4668,0.4182,0.4384,0.388,0.4814,0.4305,0.4662,0.4167,0.4457,0.3978,0.4955,0.4427,0.6199,0.5944,0.4662,0.4187,0.4735,0.4447,0.488,0.4555,0.4555,0.5026,0.6269,0.3889,0.3475,0.7592,0.698,0.2557,0.2312,0.2537,0.257,0.257,0.4143,-0.279280201,0.000149221,-0.062318793,-0.277777601,0.000315094,-0.063828491,-0.155804531,-0.078332382,0.078777494,-0.153444106,-0.076006528,0.074356761,-0.089215246,-0.036884531,0.01946548,12.95423388,0.348216971,17.05904512,0.412602926,17.17035603,0.414165325,0.817063822,0.714716851,0.415024487,0.816342299,0.714074129,0.414571118,0.091093033,0.045987486,0.046521331,0.085079322,0.043251404,0.043709977,0.011274337,0.006562677,0.006972353,2.443835676,0.042560223,3.140845673,0.044380011,3.159592231,0.044480766
binary_use_all_in_xQTL,horizontal,0.5,0,1,0.2,20,TRUE,0.4757,0.4183,0.1373,0.0741,0.56,0.5256,0.5478,0.5115,0.5505,0.5253,0.4786,0.4526,0.4791,0.45,0.6107,0.5829,0.6207,0.5991,0.1888,0.1291,0.1734,0.1136,0.1236,0.0981,0.1626,0.1303,0.1594,0.1269,0.3242,0.2663,0.2555,0.2078,0.205,0.1539,0.1281,0.1121,0.1096,0.1146,0.1146,0.2549,0.1903,8.00E-04,2.00E-04,0.1348,0.0578,0.0027,0.0023,0.0107,0.0026,0.0019,0.0114,0.095972628,-0.163216983,-0.325413861,0.120978161,-0.171390274,-0.299437202,0.003814925,-0.101354154,-0.092692772,0.195811971,-0.32960082,-0.324501611,0.103512414,-0.105554751,-0.105575695,1.762914686,0.068164156,1.198305691,0.047421117,1.200143468,0.047503054,0.33636742,0.411581049,0.333317247,0.316995913,0.406943722,0.313275522,0.373023766,0.614175263,0.611376136,0.239770106,0.297146304,0.294886573,0.013303148,0.013446079,0.013449767,0.533951558,0.019142481,0.391414938,0.014682821,0.380715413,0.014280514
binary_use_all_in_xQTL,vertical,0.5,0,1,0.2,20,TRUE,0.4703,0.4064,0.1116,0.0579,0.5611,0.534,0.546,0.5155,0.5535,0.5273,0.5593,0.5319,0.5616,0.534,0.5794,0.5524,0.6445,0.6308,0.0803,0.0595,0.0717,0.0481,0.1055,0.083,0.0688,0.0511,0.0493,0.0358,0.1304,0.1003,0.1385,0.1201,0.0708,0.0543,0.0661,0.0568,0.0907,0.0378,0.0378,0.1115,0.1247,0.0049,0.0028,0.1772,0.1496,0.014,0.0102,0.0113,0.0153,0.0166,0.0665,-0.510895254,-0.000663383,-0.250413821,-0.527074163,-0.000927792,-0.231796161,0.004241807,0.002328808,-0.00139801,-0.171413467,-0.047928108,-9.30E-05,-0.092649899,-0.031010186,-1.59E-05,1.766546108,0.068303413,2.036928182,0.077900124,2.042505799,0.078097893,0.817435897,0.708918879,0.425003129,0.801353351,0.694889506,0.410779887,0.375601714,0.186856311,0.186901485,0.244548773,0.133657683,0.134672695,0.013919671,0.008619217,0.009037296,0.528919376,0.018951418,0.598558885,0.020969934,0.598561713,0.02097366
binary_use_all_in_xQTL,horizontal,1,0,1,0.2,20,TRUE,0.4775,0.4202,0.1361,0.0734,0.5639,0.5367,0.55,0.5206,0.561,0.534,0.5496,0.5231,0.5501,0.5225,0.5972,0.5695,0.6416,0.6261,0.1273,0.0851,0.1165,0.0756,0.0862,0.0666,0.1198,0.0945,0.1161,0.0894,0.2477,0.1955,0.163,0.1252,0.1053,0.0735,0.1067,0.0977,0.0841,0.1016,0.1016,0.2271,0.1446,0.0101,0.0058,0.2934,0.1605,0.0178,0.0136,0.0322,0.0114,0.0079,0.0718,0.094659934,-0.147579991,-0.32626256,0.102919755,-0.150473121,-0.317657175,0.001084527,-0.002161883,0.008392019,0.072453368,-0.192139436,-0.187061742,0.095240714,-0.103167309,-0.10316742,4.018926126,0.142629916,1.78660356,0.068992744,1.785764417,0.068982062,0.283807792,0.400072055,0.27760626,0.280998991,0.399379873,0.27508745,0.182435099,0.377322505,0.382753266,0.154365024,0.24127702,0.239834899,0.012978561,0.013338412,0.01334965,0.991445047,0.030018809,0.553930156,0.019806087,0.541000989,0.019342661
binary_use_all_in_xQTL,vertical,1,0,1,0.2,20,TRUE,0.4741,0.4104,0.113,0.0591,0.5642,0.5388,0.5502,0.522,0.5631,0.5377,0.5643,0.5384,0.565,0.5391,0.5744,0.5482,0.6504,0.6369,0.0703,0.0524,0.0602,0.0431,0.0799,0.0611,0.0642,0.0492,0.0575,0.0411,0.0998,0.0756,0.1415,0.1216,0.0659,0.0495,0.0676,0.0579,0.0782,0.0555,0.0555,0.0986,0.1411,0.0298,0.0192,0.3124,0.2101,0.0391,0.0324,0.0363,0.0404,0.04,0.1111,-0.507840327,-0.000873011,-0.253867326,-0.51346027,-0.000854334,-0.247338576,0.002649784,0.001013685,-0.000640319,-0.061205789,-0.015607209,-0.000398154,-0.08512447,-0.02772329,-2.60E-05,4.048077028,0.14353825,5.127608676,0.174987166,5.161152114,0.175936417,0.802452477,0.698422059,0.406341621,0.80041139,0.696534237,0.404408757,0.182943971,0.090988343,0.090907306,0.156504626,0.080992951,0.081260884,0.013520645,0.008195115,0.008523682,0.985713963,0.029746968,1.188246625,0.033219308,1.189509296,0.033217148
binary_use_all_in_xQTL,horizontal,2,0,1,0.2,20,TRUE,0.4748,0.4179,0.127,0.0677,0.5638,0.5375,0.5486,0.5208,0.5621,0.5367,0.5599,0.5345,0.5614,0.5354,0.5819,0.556,0.6463,0.6314,0.0856,0.059,0.0764,0.0517,0.0695,0.0523,0.0825,0.0637,0.0812,0.0607,0.1595,0.1221,0.1351,0.1101,0.0677,0.0489,0.0848,0.0733,0.0708,0.0795,0.0795,0.1589,0.1352,0.0342,0.0232,0.3518,0.2145,0.0371,0.0295,0.0423,0.0345,0.0315,0.1083,0.106099384,-0.103210027,-0.310439469,0.108601104,-0.104298139,-0.307801587,0.00089042,-0.000722021,0.004534162,0.020892766,-0.070420925,-0.066499018,0.072260699,-0.094617844,-0.09458452,13.0287668,0.349353294,4.139315268,0.146079059,4.13075869,0.145843008,0.262546343,0.378323226,0.258404079,0.261986775,0.378103165,0.258041105,0.090425923,0.183892015,0.185238536,0.084455004,0.154161617,0.154111639,0.012010874,0.013049827,0.013050454,2.522882936,0.043851979,1.097687313,0.032897862,1.087675338,0.032578217
binary_use_all_in_xQTL,vertical,2,0,1,0.2,20,TRUE,0.4753,0.4115,0.114,0.0594,0.5662,0.5402,0.5512,0.523,0.5655,0.5394,0.5655,0.54,0.565,0.54,0.5706,0.5441,0.6528,0.6369,0.0645,0.0488,0.0546,0.04,0.0676,0.0523,0.0632,0.0474,0.06,0.0444,0.0795,0.0607,0.1417,0.1254,0.0633,0.0478,0.0655,0.0553,0.0683,0.0622,0.0622,0.0814,0.1472,0.0474,0.0375,0.3524,0.2228,0.0475,0.0383,0.0468,0.0481,0.0479,0.1195,-0.507047497,-0.000978781,-0.254470069,-0.508562978,-0.000953261,-0.252684115,0.000967085,0.000396376,-0.000298181,-0.016710394,-0.004065,-0.000273349,-0.064327664,-0.019504311,-3.44E-05,13.17630312,0.351964849,17.48887479,0.418581962,17.63490338,0.420616991,0.801372089,0.697625545,0.401770912,0.800906402,0.69721888,0.401434379,0.090477715,0.045157626,0.045135753,0.084987388,0.042889786,0.042916253,0.012303254,0.006995875,0.007109476,2.523790045,0.043449402,3.225547109,0.044700029,3.237639056,0.044623196
binary_use_all_in_xQTL,horizontal,0.5,0.1,1,0.2,20,TRUE,0.483,0.4226,0.1195,0.0642,0.5731,0.5407,0.5602,0.5221,0.5754,0.5463,0.5117,0.4851,0.4825,0.4566,0.6226,0.5932,0.6405,0.6196,0.1677,0.1169,0.1545,0.1032,0.1702,0.1388,0.1454,0.116,0.0952,0.0742,0.2954,0.2426,0.2272,0.1847,0.1806,0.1404,0.1152,0.1038,0.1498,0.0645,0.0645,0.237,0.1672,9.00E-04,6.00E-04,0.1619,0.0717,0.0035,0.0023,0.0147,0.0028,0.0013,0.0144,0.183799836,-0.082185325,-0.248091487,0.208697106,-0.090483233,-0.222254788,0.091037734,-0.219731211,0.06409063,0.243853855,-0.306934484,-0.226318103,0.10584234,-0.087430462,-0.086821895,1.772315932,0.068498111,1.205662389,0.047700406,1.196386161,0.047360329,0.341731442,0.41667737,0.340059511,0.320870048,0.411805916,0.319680411,0.366286406,0.609896709,0.64112123,0.237227883,0.298161813,0.302993702,0.013194128,0.014208871,0.014104754,0.538745838,0.019288962,0.390972014,0.014653831,0.381087442,0.014293475
binary_use_all_in_xQTL,vertical,0.5,0.1,1,0.2,20,TRUE,0.5087,0.4508,0.1375,0.0746,0.6071,0.5796,0.5921,0.5646,0.6022,0.5777,0.6042,0.5793,0.6043,0.5782,0.6223,0.5972,0.6855,0.6716,0.1705,0.1334,0.1529,0.114,0.2181,0.181,0.1521,0.1243,0.0912,0.0717,0.2347,0.1962,0.2668,0.2402,0.1586,0.1264,0.148,0.1278,0.1949,0.0746,0.0746,0.212,0.2525,0.0143,0.008,0.2258,0.2013,0.024,0.0179,0.0211,0.0256,0.0234,0.0903,-0.51829443,0.002623135,-0.175381561,-0.533619777,0.002893937,-0.157731926,-0.15061026,-0.075165399,0.076334499,-0.286145642,-0.118093117,0.07511269,-0.110943549,-0.046772191,0.019459187,1.77098156,0.068464621,2.032380629,0.077746837,2.0350352,0.077840426,0.812962324,0.697557359,0.4186478,0.79653828,0.685109427,0.405228378,0.364120569,0.183903299,0.187192239,0.23880567,0.130924716,0.134597149,0.013225762,0.008194069,0.008911489,0.528758652,0.018931255,0.593373541,0.020797967,0.593531339,0.020819325
binary_use_all_in_xQTL,horizontal,1,0.1,1,0.2,20,TRUE,0.523,0.467,0.1366,0.0716,0.6161,0.5915,0.602,0.5733,0.6185,0.5926,0.6111,0.5875,0.5938,0.5685,0.6418,0.6169,0.6911,0.6767,0.1631,0.1176,0.1503,0.1044,0.1752,0.1438,0.1808,0.1433,0.0528,0.0404,0.2723,0.2231,0.221,0.1836,0.1555,0.1176,0.1399,0.1288,0.1725,0.0438,0.0438,0.2569,0.2003,0.0238,0.0159,0.3498,0.2187,0.0294,0.0229,0.0486,0.0225,0.0084,0.0932,0.181380147,-0.067656403,-0.248306693,0.18854717,-0.0701997,-0.240874472,0.089551452,-0.181364626,0.190230743,0.143560539,-0.246058136,-0.055838226,0.098945987,-0.086250658,-0.083729783,4.084661004,0.144624514,1.819837395,0.070190384,1.7820571,0.06884972,0.286250256,0.405716497,0.284283313,0.283181308,0.405045803,0.281869024,0.178046099,0.367837089,0.399821438,0.151597819,0.241998955,0.247295956,0.012823217,0.01407846,0.014034395,1.001044898,0.030173968,0.556549222,0.019853498,0.539539426,0.019309129
binary_use_all_in_xQTL,vertical,1,0.1,1,0.2,20,TRUE,0.6129,0.5628,0.1957,0.1126,0.6918,0.6724,0.6801,0.6571,0.6925,0.6735,0.6922,0.6725,0.6902,0.6689,0.6983,0.6774,0.7543,0.7429,0.2462,0.2027,0.2204,0.1792,0.2837,0.2417,0.2333,0.1966,0.1786,0.1466,0.2942,0.2513,0.3673,0.3423,0.2377,0.1979,0.2403,0.2156,0.278,0.1756,0.1756,0.2895,0.3679,0.103,0.0791,0.4575,0.3736,0.0844,0.0694,0.082,0.0865,0.0861,0.1947,-0.524467583,0.009622514,-0.175388462,-0.528886122,0.009594612,-0.170106114,-0.153407694,-0.077207312,0.077906067,-0.200323778,-0.089939855,0.075628728,-0.105233097,-0.04398902,0.019500565,4.038054414,0.143240909,5.081145828,0.173699741,5.108001494,0.174457526,0.796904093,0.686536878,0.397954937,0.795101593,0.685236617,0.396472026,0.178743311,0.09039526,0.091966788,0.153491169,0.080273126,0.081869638,0.012675852,0.007764638,0.00841998,0.98094855,0.029624897,1.171419205,0.032876403,1.174490812,0.032935794
binary_use_all_in_xQTL,horizontal,2,0.1,1,0.2,20,TRUE,0.6526,0.6056,0.1978,0.1159,0.7277,0.7093,0.7184,0.6959,0.7298,0.7111,0.7296,0.7115,0.7204,0.7001,0.7372,0.7197,0.783,0.7741,0.2435,0.2002,0.2254,0.1805,0.2682,0.2292,0.2667,0.2339,0.1009,0.0768,0.3204,0.2768,0.341,0.3072,0.2328,0.1948,0.2421,0.2224,0.2721,0.0933,0.0933,0.3194,0.3401,0.133,0.1053,0.5286,0.42,0.0964,0.0812,0.108,0.094,0.0825,0.2059,0.195081054,-0.018927438,-0.231828188,0.196309156,-0.019477303,-0.230501907,0.088857131,-0.179068389,0.185134371,0.101797799,-0.193129951,0.093603397,0.07969924,-0.082005933,-0.072684842,13.42394319,0.356145939,4.296848562,0.150804835,4.163535697,0.146807549,0.26299197,0.380611243,0.263473663,0.262439729,0.38046657,0.263207186,0.088093894,0.179397023,0.194233375,0.082527464,0.154120612,0.159623207,0.011568332,0.013607746,0.013849038,2.587213869,0.04402926,1.119550673,0.033182586,1.102219929,0.032948893
binary_use_all_in_xQTL,vertical,2,0.1,1,0.2,20,TRUE,0.8471,0.8201,0.4034,0.2901,0.8847,0.8743,0.8788,0.8681,0.8853,0.8754,0.8847,0.874,0.8839,0.8733,0.8861,0.8757,0.9113,0.9068,0.5077,0.4575,0.4812,0.4232,0.5402,0.4905,0.5034,0.4528,0.4594,0.4129,0.5444,0.4956,0.6614,0.6336,0.5053,0.4554,0.5127,0.4862,0.5427,0.4697,0.4697,0.5479,0.6666,0.3895,0.3491,0.7585,0.6984,0.2558,0.2317,0.2542,0.2565,0.2564,0.4142,-0.517342848,0.003307608,-0.17873282,-0.51768119,0.003310969,-0.178208508,-0.155623064,-0.078244538,0.078746236,-0.165637802,-0.080061814,0.076331896,-0.089382466,-0.036961654,0.019586801,12.93819967,0.347897459,17.05032823,0.412507622,17.17092642,0.41419529,0.797156175,0.687408431,0.394790027,0.796827614,0.687189449,0.394535012,0.089424498,0.045400977,0.046270041,0.084169368,0.043106483,0.043907355,0.01126975,0.006601104,0.00702371,2.457030553,0.042880079,3.121297991,0.044269804,3.14595439,0.044390002
